{"cameraMode":{"drawMode":0,"name":"Shaded","section":"Shading Mode"},"sceneLighting":false,"audioPlay":false,"sceneViewState":{"showFog":true,"showMaterialUpdate":false,"showSkybox":false,"showFlares":true,"showImageEffects":true,"showParticleSystems":true},"in2DMode":false,"pivot":{"x":0.38604462146759035,"y":1.429999828338623,"z":2.2209110260009767},"rotation":{"x":0.20715466141700746,"y":0.6003476977348328,"z":-0.16479133069515229,"w":0.7546647191047669},"size":5.568942070007324,"orthographic":false}