{"cameraMode":{"drawMode":0,"name":"Shaded","section":"Shading Mode"},"sceneLighting":false,"audioPlay":false,"sceneViewState":{"showFog":true,"showMaterialUpdate":false,"showSkybox":true,"showFlares":true,"showImageEffects":true,"showParticleSystems":true},"in2DMode":false,"pivot":{"x":62.07108688354492,"y":70.13960266113281,"z":-772.1842041015625},"rotation":{"x":-0.1655345857143402,"y":-0.12433315068483353,"z":0.021759115159511567,"w":-0.9783682823181152},"size":17.393033981323243,"orthographic":false}