{"cameraMode":{"drawMode":0,"name":"Shaded","section":"Shading Mode"},"sceneLighting":false,"audioPlay":false,"sceneViewState":{"showFog":true,"showMaterialUpdate":false,"showSkybox":false,"showFlares":true,"showImageEffects":true,"showParticleSystems":true},"in2DMode":false,"pivot":{"x":5.58339786529541,"y":3.8946292400360109,"z":36.08174133300781},"rotation":{"x":-0.05898226797580719,"y":0.9156155586242676,"z":-0.14597755670547486,"w":-0.369962215423584},"size":4.597665309906006,"orthographic":true}