{"cameraMode":{"drawMode":0,"name":"Shaded","section":"Shading Mode"},"sceneLighting":false,"audioPlay":false,"sceneViewState":{"showFog":true,"showMaterialUpdate":false,"showSkybox":false,"showFlares":true,"showImageEffects":true,"showParticleSystems":true},"in2DMode":false,"pivot":{"x":159.17440795898438,"y":66.81725311279297,"z":19.46965980529785},"rotation":{"x":0.1004839539527893,"y":0.6399878263473511,"z":-0.08369670063257218,"w":0.7576221823692322},"size":135.77069091796876,"orthographic":true}