{"cameraMode":{"drawMode":0,"name":"Shaded","section":"Shading Mode"},"sceneLighting":false,"audioPlay":false,"sceneViewState":{"showFog":true,"showMaterialUpdate":false,"showSkybox":false,"showFlares":true,"showImageEffects":true,"showParticleSystems":true},"in2DMode":false,"pivot":{"x":66.25999450683594,"y":35.01823425292969,"z":-9.734851837158204},"rotation":{"x":0.3007597327232361,"y":-0.27379533648490908,"z":0.0906626507639885,"w":0.9091314077377319},"size":25.953115463256837,"orthographic":false}