{"cameraMode":{"drawMode":0,"name":"Shaded","section":"Shading Mode"},"sceneLighting":false,"audioPlay":false,"sceneViewState":{"showFog":true,"showMaterialUpdate":false,"showSkybox":false,"showFlares":true,"showImageEffects":true,"showParticleSystems":true},"in2DMode":false,"pivot":{"x":9.404916763305664,"y":0.4131498336791992,"z":2.617361068725586},"rotation":{"x":0.20715466141700746,"y":0.6003476977348328,"z":-0.16479133069515229,"w":0.7546647191047669},"size":12.820572853088379,"orthographic":false}