{"cameraMode":{"drawMode":0,"name":"Shaded","section":"Shading Mode"},"sceneLighting":false,"audioPlay":false,"sceneViewState":{"showFog":true,"showMaterialUpdate":false,"showSkybox":false,"showFlares":true,"showImageEffects":true,"showParticleSystems":true},"in2DMode":false,"pivot":{"x":-47.45000076293945,"y":1.8103010654449463,"z":0.029999971389770509},"rotation":{"x":0.06052291393280029,"y":-0.9370566606521606,"z":0.2754494249820709,"w":0.20590327680110932},"size":7.2849321365356449,"orthographic":false}