{"cameraMode":{"drawMode":0,"name":"Shaded","section":"Shading Mode"},"sceneLighting":false,"audioPlay":false,"sceneViewState":{"showFog":true,"showMaterialUpdate":false,"showSkybox":false,"showFlares":true,"showImageEffects":true,"showParticleSystems":true},"in2DMode":false,"pivot":{"x":1.4020109176635743,"y":2.044989585876465,"z":3.2339842319488527},"rotation":{"x":0.06702110171318054,"y":0.6916776895523071,"z":-0.06472796946763993,"w":0.7161800265312195},"size":1.5452344417572022,"orthographic":false}