{"cameraMode":{"drawMode":0,"name":"Shaded","section":"Shading Mode"},"sceneLighting":true,"audioPlay":false,"sceneViewState":{"showFog":true,"showMaterialUpdate":false,"showSkybox":true,"showFlares":true,"showImageEffects":true,"showParticleSystems":true},"in2DMode":false,"pivot":{"x":7.561037540435791,"y":0.6914456486701965,"z":5.378846168518066},"rotation":{"x":0.010262944735586644,"y":0.989713728427887,"z":-0.09711339324712753,"w":0.10460402816534043},"size":42.53709030151367,"orthographic":false}